{
  "displayName": "Pega Connector for Customer Decision Hub",
  "name": "pega-connector-for-customer-decision-hub",
  "iconPath": "resources/icons/pega-logo.svg",
  "version": "1.0.1",
  "description": "This server side extension allows you to capture and forward customer digital behavior data to Pega’s Customer Decision Hub for use in determining Next-Best-Actions.",
  "author": {
    "name": "Pegasystems",
    "url": "http://pega.com"
  },
  "platform": "edge",
  "viewBasePath": "dist/",
  "configuration": {
    "viewPath": "configuration/configuration.html",
    "schema": {
      "$schema": "http://json-schema.org/draft-04/schema#",
      "type": "object",
      "properties": {
        "url": {
          "type": "string",
          "minLength": 1,
          "pattern": "https?:\\/\\/[-a-zA-Z0-9@:%._+~#=]{1,256}\\.[a-zA-Z0-9()]+\\b([-a-zA-Z0-9()@:%_+.~#?&//=]*)"
        }
      },
      "additionalProperties": false,
      "required": ["url"]
    }
  },
  "actions": [
    {
      "displayName": "Send Stream API Event",
      "name": "send-stream-data",
      "libPath": "src/lib/actions/sendStreamData.js",
      "viewPath": "actions/sendStreamData.html",
      "schema": {
        "$schema": "http://json-schema.org/draft-04/schema#",
        "type": "object",
        "properties": {
          "customerId": {
            "type": "string",
            "minLength": 1
          }
        },
        "additionalProperties": true,
        "required": ["customerId"]
      }
    }
  ]
}
